{"cameraMode":{"drawMode":0,"name":"Shaded","section":"Shading Mode"},"sceneLighting":false,"audioPlay":false,"sceneViewState":{"m_AlwaysRefresh":false,"showFog":true,"showSkybox":false,"showFlares":true,"showImageEffects":true,"showParticleSystems":true,"showVisualEffectGraphs":true,"m_FxEnabled":true},"in2DMode":false,"pivot":{"x":-1.0061695575714112,"y":1.7584419250488282,"z":-0.16696350276470185},"rotation":{"x":0.15530838072299958,"y":-0.6578194499015808,"z":0.1412402242422104,"w":0.7233312726020813},"size":2.601943254470825,"orthographic":false}