{"cameraMode":{"drawMode":0,"name":"Shaded","section":"Shading Mode"},"sceneLighting":false,"audioPlay":false,"sceneViewState":{"m_AlwaysRefresh":false,"showFog":true,"showSkybox":false,"showFlares":true,"showImageEffects":true,"showParticleSystems":true,"showVisualEffectGraphs":true,"m_FxEnabled":true},"in2DMode":false,"pivot":{"x":0.09904324263334274,"y":0.9651826024055481,"z":70.96548461914063},"rotation":{"x":-0.05587192252278328,"y":0.9440117478370667,"z":-0.22143305838108064,"w":-0.23823215067386628},"size":3.4766762256622316,"orthographic":true}