{"cameraMode":{"drawMode":0,"name":"Shaded","section":"Shading Mode"},"sceneLighting":false,"audioPlay":false,"sceneViewState":{"m_AlwaysRefresh":false,"showFog":true,"showSkybox":false,"showFlares":true,"showImageEffects":true,"showParticleSystems":true,"showVisualEffectGraphs":true,"m_FxEnabled":true},"in2DMode":false,"pivot":{"x":0.0015306472778320313,"y":1.9940005540847779,"z":0.008528351783752442},"rotation":{"x":0.32951804995536806,"y":0.03256367892026901,"z":-0.011372970417141915,"w":0.9435206055641174},"size":2.505629777908325,"orthographic":false}